/*
 Navicat Premium Data Transfer

 Source Server         : localhost
 Source Server Type    : MySQL
 Source Server Version : 80013
 Source Host           : localhost:3306
 Source Schema         : powercompetition

 Target Server Type    : MySQL
 Target Server Version : 80013
 File Encoding         : 65001

 Date: 07/07/2022 14:15:44
*/

SET NAMES utf8mb4;
SET FOREIGN_KEY_CHECKS = 0;

-- ----------------------------
-- Table structure for avg_pay_record
-- ----------------------------
DROP TABLE IF EXISTS `avg_pay_record`;
CREATE TABLE `avg_pay_record`  (
  `avg_pay_times` double(11, 2) NULL DEFAULT NULL COMMENT '平均缴费次数',
  `avg_pay_money` double(11, 2) NULL DEFAULT NULL COMMENT '平均缴费金额',
  `calculate_day` varchar(50) CHARACTER SET utf8 COLLATE utf8_general_ci NOT NULL COMMENT '时间',
  PRIMARY KEY (`calculate_day`) USING BTREE
) ENGINE = InnoDB CHARACTER SET = utf8 COLLATE = utf8_general_ci ROW_FORMAT = Dynamic;

-- ----------------------------
-- Records of avg_pay_record
-- ----------------------------
INSERT INTO `avg_pay_record` VALUES (6.64, 106.21, '2022-06-01 15:48:20');

-- ----------------------------
-- Table structure for user_calculate_info
-- ----------------------------
DROP TABLE IF EXISTS `user_calculate_info`;
CREATE TABLE `user_calculate_info`  (
  `user_id` varchar(255) CHARACTER SET utf8 COLLATE utf8_general_ci NOT NULL COMMENT '用户id',
  `user_pay_count` int(11) NULL DEFAULT NULL COMMENT '用户缴费次数',
  `user_avg_pay_money` double(11, 2) NULL DEFAULT NULL COMMENT '用户平均缴费金额',
  `calculate_day` varchar(50) CHARACTER SET utf8 COLLATE utf8_general_ci NULL DEFAULT NULL COMMENT '计算日期',
  `user_type` varchar(50) CHARACTER SET utf8 COLLATE utf8_general_ci NULL DEFAULT NULL COMMENT '用户类别',
  PRIMARY KEY (`user_id`) USING BTREE
) ENGINE = InnoDB CHARACTER SET = utf8 COLLATE = utf8_general_ci ROW_FORMAT = Dynamic;

-- ----------------------------
-- Records of user_calculate_info
-- ----------------------------
INSERT INTO `user_calculate_info` VALUES ('1000000001', 8, 123.38, '2022-06-18', '高价值型客户');
INSERT INTO `user_calculate_info` VALUES ('1000000002', 7, 70.00, '2022-06-18', '大众型客户');
INSERT INTO `user_calculate_info` VALUES ('1000000003', 7, 168.57, '2022-06-18', '高价值型客户');
INSERT INTO `user_calculate_info` VALUES ('1000000004', 8, 77.62, '2022-06-18', '大众型客户');
INSERT INTO `user_calculate_info` VALUES ('1000000005', 7, 214.29, '2022-06-18', '高价值型客户');
INSERT INTO `user_calculate_info` VALUES ('1000000006', 7, 144.29, '2022-06-18', '高价值型客户');
INSERT INTO `user_calculate_info` VALUES ('1000000007', 7, 158.00, '2022-06-18', '高价值型客户');
INSERT INTO `user_calculate_info` VALUES ('1000000008', 7, 153.43, '2022-06-18', '高价值型客户');
INSERT INTO `user_calculate_info` VALUES ('1000000009', 7, 138.57, '2022-06-18', '高价值型客户');
INSERT INTO `user_calculate_info` VALUES ('1000000010', 8, 96.62, '2022-06-18', '大众型客户');
INSERT INTO `user_calculate_info` VALUES ('1000000011', 7, 106.86, '2022-06-18', '高价值型客户');
INSERT INTO `user_calculate_info` VALUES ('1000000012', 7, 130.14, '2022-06-18', '高价值型客户');
INSERT INTO `user_calculate_info` VALUES ('1000000013', 7, 119.29, '2022-06-18', '高价值型客户');
INSERT INTO `user_calculate_info` VALUES ('1000000014', 7, 107.00, '2022-06-18', '高价值型客户');
INSERT INTO `user_calculate_info` VALUES ('1000000015', 7, 100.00, '2022-06-18', '大众型客户');
INSERT INTO `user_calculate_info` VALUES ('1000000016', 8, 98.00, '2022-06-18', '大众型客户');
INSERT INTO `user_calculate_info` VALUES ('1000000017', 7, 111.43, '2022-06-18', '高价值型客户');
INSERT INTO `user_calculate_info` VALUES ('1000000018', 7, 91.57, '2022-06-18', '大众型客户');
INSERT INTO `user_calculate_info` VALUES ('1000000019', 6, 121.50, '2022-06-18', '潜力型客户');
INSERT INTO `user_calculate_info` VALUES ('1000000020', 7, 128.43, '2022-06-18', '高价值型客户');
INSERT INTO `user_calculate_info` VALUES ('1000000021', 7, 108.14, '2022-06-18', '高价值型客户');
INSERT INTO `user_calculate_info` VALUES ('1000000022', 6, 89.00, '2022-06-18', '低价值型客户');
INSERT INTO `user_calculate_info` VALUES ('1000000023', 5, 98.60, '2022-06-18', '低价值型客户');
INSERT INTO `user_calculate_info` VALUES ('1000000024', 7, 129.14, '2022-06-18', '高价值型客户');
INSERT INTO `user_calculate_info` VALUES ('1000000025', 7, 93.00, '2022-06-18', '大众型客户');
INSERT INTO `user_calculate_info` VALUES ('1000000026', 7, 111.00, '2022-06-18', '高价值型客户');
INSERT INTO `user_calculate_info` VALUES ('1000000027', 7, 90.14, '2022-06-18', '大众型客户');
INSERT INTO `user_calculate_info` VALUES ('1000000028', 6, 95.17, '2022-06-18', '低价值型客户');
INSERT INTO `user_calculate_info` VALUES ('1000000029', 7, 98.71, '2022-06-18', '大众型客户');
INSERT INTO `user_calculate_info` VALUES ('1000000030', 7, 95.86, '2022-06-18', '大众型客户');
INSERT INTO `user_calculate_info` VALUES ('1000000031', 7, 93.57, '2022-06-18', '大众型客户');
INSERT INTO `user_calculate_info` VALUES ('1000000032', 6, 86.50, '2022-06-18', '低价值型客户');
INSERT INTO `user_calculate_info` VALUES ('1000000033', 6, 90.83, '2022-06-18', '低价值型客户');
INSERT INTO `user_calculate_info` VALUES ('1000000034', 7, 103.00, '2022-06-18', '大众型客户');
INSERT INTO `user_calculate_info` VALUES ('1000000035', 7, 109.86, '2022-06-18', '高价值型客户');
INSERT INTO `user_calculate_info` VALUES ('1000000036', 6, 107.50, '2022-06-18', '潜力型客户');
INSERT INTO `user_calculate_info` VALUES ('1000000037', 7, 89.57, '2022-06-18', '大众型客户');
INSERT INTO `user_calculate_info` VALUES ('1000000038', 6, 89.00, '2022-06-18', '低价值型客户');
INSERT INTO `user_calculate_info` VALUES ('1000000039', 7, 107.14, '2022-06-18', '高价值型客户');
INSERT INTO `user_calculate_info` VALUES ('1000000040', 7, 93.71, '2022-06-18', '大众型客户');
INSERT INTO `user_calculate_info` VALUES ('1000000041', 6, 113.83, '2022-06-18', '潜力型客户');
INSERT INTO `user_calculate_info` VALUES ('1000000042', 7, 87.43, '2022-06-18', '大众型客户');
INSERT INTO `user_calculate_info` VALUES ('1000000043', 7, 91.43, '2022-06-18', '大众型客户');
INSERT INTO `user_calculate_info` VALUES ('1000000044', 6, 100.17, '2022-06-18', '低价值型客户');
INSERT INTO `user_calculate_info` VALUES ('1000000045', 7, 101.57, '2022-06-18', '大众型客户');
INSERT INTO `user_calculate_info` VALUES ('1000000046', 6, 118.50, '2022-06-18', '潜力型客户');
INSERT INTO `user_calculate_info` VALUES ('1000000047', 7, 93.43, '2022-06-18', '大众型客户');
INSERT INTO `user_calculate_info` VALUES ('1000000048', 6, 113.00, '2022-06-18', '潜力型客户');
INSERT INTO `user_calculate_info` VALUES ('1000000049', 7, 84.14, '2022-06-18', '大众型客户');
INSERT INTO `user_calculate_info` VALUES ('1000000050', 7, 81.14, '2022-06-18', '大众型客户');
INSERT INTO `user_calculate_info` VALUES ('1000000051', 6, 99.50, '2022-06-18', '低价值型客户');
INSERT INTO `user_calculate_info` VALUES ('1000000052', 7, 109.43, '2022-06-18', '高价值型客户');
INSERT INTO `user_calculate_info` VALUES ('1000000053', 7, 99.14, '2022-06-18', '大众型客户');
INSERT INTO `user_calculate_info` VALUES ('1000000054', 6, 76.50, '2022-06-18', '低价值型客户');
INSERT INTO `user_calculate_info` VALUES ('1000000055', 7, 112.57, '2022-06-18', '高价值型客户');
INSERT INTO `user_calculate_info` VALUES ('1000000056', 7, 102.00, '2022-06-18', '大众型客户');
INSERT INTO `user_calculate_info` VALUES ('1000000057', 7, 101.57, '2022-06-18', '大众型客户');
INSERT INTO `user_calculate_info` VALUES ('1000000058', 7, 97.86, '2022-06-18', '大众型客户');
INSERT INTO `user_calculate_info` VALUES ('1000000059', 8, 92.50, '2022-06-18', '大众型客户');
INSERT INTO `user_calculate_info` VALUES ('1000000060', 7, 104.29, '2022-06-18', '大众型客户');
INSERT INTO `user_calculate_info` VALUES ('1000000061', 7, 97.57, '2022-06-18', '大众型客户');
INSERT INTO `user_calculate_info` VALUES ('1000000062', 7, 110.43, '2022-06-18', '高价值型客户');
INSERT INTO `user_calculate_info` VALUES ('1000000063', 7, 89.71, '2022-06-18', '大众型客户');
INSERT INTO `user_calculate_info` VALUES ('1000000064', 6, 86.67, '2022-06-18', '低价值型客户');
INSERT INTO `user_calculate_info` VALUES ('1000000065', 7, 104.86, '2022-06-18', '大众型客户');
INSERT INTO `user_calculate_info` VALUES ('1000000066', 6, 116.50, '2022-06-18', '潜力型客户');
INSERT INTO `user_calculate_info` VALUES ('1000000067', 7, 98.43, '2022-06-18', '大众型客户');
INSERT INTO `user_calculate_info` VALUES ('1000000068', 7, 101.57, '2022-06-18', '大众型客户');
INSERT INTO `user_calculate_info` VALUES ('1000000069', 6, 91.33, '2022-06-18', '低价值型客户');
INSERT INTO `user_calculate_info` VALUES ('1000000070', 8, 83.38, '2022-06-18', '大众型客户');
INSERT INTO `user_calculate_info` VALUES ('1000000071', 7, 106.00, '2022-06-18', '大众型客户');
INSERT INTO `user_calculate_info` VALUES ('1000000072', 7, 114.00, '2022-06-18', '高价值型客户');
INSERT INTO `user_calculate_info` VALUES ('1000000073', 4, 101.00, '2022-06-18', '低价值型客户');
INSERT INTO `user_calculate_info` VALUES ('1000000074', 7, 90.86, '2022-06-18', '大众型客户');
INSERT INTO `user_calculate_info` VALUES ('1000000075', 7, 89.86, '2022-06-18', '大众型客户');
INSERT INTO `user_calculate_info` VALUES ('1000000076', 7, 103.57, '2022-06-18', '大众型客户');
INSERT INTO `user_calculate_info` VALUES ('1000000077', 7, 102.86, '2022-06-18', '大众型客户');
INSERT INTO `user_calculate_info` VALUES ('1000000078', 5, 118.40, '2022-06-18', '潜力型客户');
INSERT INTO `user_calculate_info` VALUES ('1000000079', 6, 99.50, '2022-06-18', '低价值型客户');
INSERT INTO `user_calculate_info` VALUES ('1000000080', 7, 86.14, '2022-06-18', '大众型客户');
INSERT INTO `user_calculate_info` VALUES ('1000000081', 7, 97.14, '2022-06-18', '大众型客户');
INSERT INTO `user_calculate_info` VALUES ('1000000082', 5, 101.60, '2022-06-18', '低价值型客户');
INSERT INTO `user_calculate_info` VALUES ('1000000083', 7, 106.86, '2022-06-18', '高价值型客户');
INSERT INTO `user_calculate_info` VALUES ('1000000084', 7, 184.14, '2022-06-18', '高价值型客户');
INSERT INTO `user_calculate_info` VALUES ('1000000085', 7, 81.29, '2022-06-18', '大众型客户');
INSERT INTO `user_calculate_info` VALUES ('1000000086', 4, 81.25, '2022-06-18', '低价值型客户');
INSERT INTO `user_calculate_info` VALUES ('1000000087', 7, 93.00, '2022-06-18', '大众型客户');
INSERT INTO `user_calculate_info` VALUES ('1000000088', 7, 76.86, '2022-06-18', '大众型客户');
INSERT INTO `user_calculate_info` VALUES ('1000000089', 5, 77.60, '2022-06-18', '低价值型客户');
INSERT INTO `user_calculate_info` VALUES ('1000000090', 6, 102.00, '2022-06-18', '低价值型客户');
INSERT INTO `user_calculate_info` VALUES ('1000000091', 7, 108.71, '2022-06-18', '高价值型客户');
INSERT INTO `user_calculate_info` VALUES ('1000000092', 3, 84.67, '2022-06-18', '低价值型客户');
INSERT INTO `user_calculate_info` VALUES ('1000000093', 5, 92.60, '2022-06-18', '低价值型客户');
INSERT INTO `user_calculate_info` VALUES ('1000000094', 6, 104.33, '2022-06-18', '低价值型客户');
INSERT INTO `user_calculate_info` VALUES ('1000000095', 7, 142.71, '2022-06-18', '高价值型客户');
INSERT INTO `user_calculate_info` VALUES ('1000000096', 7, 130.86, '2022-06-18', '高价值型客户');
INSERT INTO `user_calculate_info` VALUES ('1000000097', 6, 108.17, '2022-06-18', '潜力型客户');
INSERT INTO `user_calculate_info` VALUES ('1000000098', 6, 122.50, '2022-06-18', '潜力型客户');
INSERT INTO `user_calculate_info` VALUES ('1000000099', 6, 142.17, '2022-06-18', '潜力型客户');
INSERT INTO `user_calculate_info` VALUES ('1000000100', 7, 134.71, '2022-06-18', '高价值型客户');

-- ----------------------------
-- Table structure for user_pay_info
-- ----------------------------
DROP TABLE IF EXISTS `user_pay_info`;
CREATE TABLE `user_pay_info`  (
  `user_id` varchar(255) CHARACTER SET utf8 COLLATE utf8_general_ci NULL DEFAULT NULL COMMENT '用户编号',
  `pay_date` date NOT NULL COMMENT '缴费日期',
  `pay_money` double(11, 2) NULL DEFAULT NULL COMMENT '缴费金额（元）'
) ENGINE = InnoDB CHARACTER SET = utf8 COLLATE = utf8_general_ci ROW_FORMAT = Dynamic;

-- ----------------------------
-- Records of user_pay_info
-- ----------------------------
INSERT INTO `user_pay_info` VALUES ('1000000001', '2018-03-01', 101.00);
INSERT INTO `user_pay_info` VALUES ('1000000001', '2018-05-03', 80.00);
INSERT INTO `user_pay_info` VALUES ('1000000001', '2018-07-02', 150.00);
INSERT INTO `user_pay_info` VALUES ('1000000001', '2018-08-02', 200.00);
INSERT INTO `user_pay_info` VALUES ('1000000001', '2018-09-05', 220.00);
INSERT INTO `user_pay_info` VALUES ('1000000001', '2018-11-08', 80.00);
INSERT INTO `user_pay_info` VALUES ('1000000001', '2019-01-05', 75.00);
INSERT INTO `user_pay_info` VALUES ('1000000001', '2019-03-05', 81.00);
INSERT INTO `user_pay_info` VALUES ('1000000002', '2018-03-03', 50.00);
INSERT INTO `user_pay_info` VALUES ('1000000002', '2018-05-05', 60.00);
INSERT INTO `user_pay_info` VALUES ('1000000002', '2018-07-12', 60.00);
INSERT INTO `user_pay_info` VALUES ('1000000002', '2018-09-05', 70.00);
INSERT INTO `user_pay_info` VALUES ('1000000002', '2018-11-08', 80.00);
INSERT INTO `user_pay_info` VALUES ('1000000002', '2019-01-06', 90.00);
INSERT INTO `user_pay_info` VALUES ('1000000002', '2019-03-06', 80.00);
INSERT INTO `user_pay_info` VALUES ('1000000003', '2018-03-03', 120.00);
INSERT INTO `user_pay_info` VALUES ('1000000003', '2018-05-03', 200.00);
INSERT INTO `user_pay_info` VALUES ('1000000003', '2018-07-02', 180.00);
INSERT INTO `user_pay_info` VALUES ('1000000003', '2018-09-05', 200.00);
INSERT INTO `user_pay_info` VALUES ('1000000003', '2018-11-08', 140.00);
INSERT INTO `user_pay_info` VALUES ('1000000003', '2019-01-07', 160.00);
INSERT INTO `user_pay_info` VALUES ('1000000003', '2019-03-07', 180.00);
INSERT INTO `user_pay_info` VALUES ('1000000004', '2018-03-06', 80.00);
INSERT INTO `user_pay_info` VALUES ('1000000004', '2018-05-03', 70.00);
INSERT INTO `user_pay_info` VALUES ('1000000004', '2018-07-02', 88.00);
INSERT INTO `user_pay_info` VALUES ('1000000004', '2018-09-05', 86.00);
INSERT INTO `user_pay_info` VALUES ('1000000004', '2018-11-08', 84.00);
INSERT INTO `user_pay_info` VALUES ('1000000004', '2018-12-04', 60.00);
INSERT INTO `user_pay_info` VALUES ('1000000004', '2019-01-07', 78.00);
INSERT INTO `user_pay_info` VALUES ('1000000004', '2019-03-07', 75.00);
INSERT INTO `user_pay_info` VALUES ('1000000005', '2018-03-05', 200.00);
INSERT INTO `user_pay_info` VALUES ('1000000005', '2018-05-03', 220.00);
INSERT INTO `user_pay_info` VALUES ('1000000005', '2018-07-02', 240.00);
INSERT INTO `user_pay_info` VALUES ('1000000005', '2018-09-05', 280.00);
INSERT INTO `user_pay_info` VALUES ('1000000005', '2018-11-08', 260.00);
INSERT INTO `user_pay_info` VALUES ('1000000005', '2019-01-07', 140.00);
INSERT INTO `user_pay_info` VALUES ('1000000005', '2019-03-07', 160.00);
INSERT INTO `user_pay_info` VALUES ('1000000006', '2018-03-05', 140.00);
INSERT INTO `user_pay_info` VALUES ('1000000006', '2018-05-03', 180.00);
INSERT INTO `user_pay_info` VALUES ('1000000006', '2018-07-02', 120.00);
INSERT INTO `user_pay_info` VALUES ('1000000006', '2018-09-05', 180.00);
INSERT INTO `user_pay_info` VALUES ('1000000006', '2018-11-08', 100.00);
INSERT INTO `user_pay_info` VALUES ('1000000006', '2019-01-07', 170.00);
INSERT INTO `user_pay_info` VALUES ('1000000006', '2019-03-07', 120.00);
INSERT INTO `user_pay_info` VALUES ('1000000007', '2018-03-05', 175.00);
INSERT INTO `user_pay_info` VALUES ('1000000007', '2018-05-03', 132.00);
INSERT INTO `user_pay_info` VALUES ('1000000007', '2018-07-02', 185.00);
INSERT INTO `user_pay_info` VALUES ('1000000007', '2018-09-05', 162.00);
INSERT INTO `user_pay_info` VALUES ('1000000007', '2018-11-08', 132.00);
INSERT INTO `user_pay_info` VALUES ('1000000007', '2019-01-07', 142.00);
INSERT INTO `user_pay_info` VALUES ('1000000007', '2019-03-07', 178.00);
INSERT INTO `user_pay_info` VALUES ('1000000008', '2018-03-05', 153.00);
INSERT INTO `user_pay_info` VALUES ('1000000008', '2018-05-03', 185.00);
INSERT INTO `user_pay_info` VALUES ('1000000008', '2018-07-02', 145.00);
INSERT INTO `user_pay_info` VALUES ('1000000008', '2018-09-06', 148.00);
INSERT INTO `user_pay_info` VALUES ('1000000008', '2018-11-08', 187.00);
INSERT INTO `user_pay_info` VALUES ('1000000008', '2019-01-07', 139.00);
INSERT INTO `user_pay_info` VALUES ('1000000008', '2019-03-07', 117.00);
INSERT INTO `user_pay_info` VALUES ('1000000009', '2018-03-05', 97.00);
INSERT INTO `user_pay_info` VALUES ('1000000009', '2018-05-03', 171.00);
INSERT INTO `user_pay_info` VALUES ('1000000009', '2018-07-02', 168.00);
INSERT INTO `user_pay_info` VALUES ('1000000009', '2018-09-06', 148.00);
INSERT INTO `user_pay_info` VALUES ('1000000009', '2018-11-08', 159.00);
INSERT INTO `user_pay_info` VALUES ('1000000009', '2019-01-08', 86.00);
INSERT INTO `user_pay_info` VALUES ('1000000009', '2019-03-07', 141.00);
INSERT INTO `user_pay_info` VALUES ('1000000010', '2018-03-05', 77.00);
INSERT INTO `user_pay_info` VALUES ('1000000010', '2018-05-03', 126.00);
INSERT INTO `user_pay_info` VALUES ('1000000010', '2018-07-02', 65.00);
INSERT INTO `user_pay_info` VALUES ('1000000010', '2018-08-02', 75.00);
INSERT INTO `user_pay_info` VALUES ('1000000010', '2018-09-06', 101.00);
INSERT INTO `user_pay_info` VALUES ('1000000010', '2018-11-09', 67.00);
INSERT INTO `user_pay_info` VALUES ('1000000010', '2019-01-08', 117.00);
INSERT INTO `user_pay_info` VALUES ('1000000010', '2019-03-08', 145.00);
INSERT INTO `user_pay_info` VALUES ('1000000011', '2018-03-07', 76.00);
INSERT INTO `user_pay_info` VALUES ('1000000011', '2018-05-03', 87.00);
INSERT INTO `user_pay_info` VALUES ('1000000011', '2018-07-02', 97.00);
INSERT INTO `user_pay_info` VALUES ('1000000011', '2018-09-06', 90.00);
INSERT INTO `user_pay_info` VALUES ('1000000011', '2018-11-09', 122.00);
INSERT INTO `user_pay_info` VALUES ('1000000011', '2019-01-08', 159.00);
INSERT INTO `user_pay_info` VALUES ('1000000011', '2019-03-08', 117.00);
INSERT INTO `user_pay_info` VALUES ('1000000012', '2018-03-07', 150.00);
INSERT INTO `user_pay_info` VALUES ('1000000012', '2018-05-03', 114.00);
INSERT INTO `user_pay_info` VALUES ('1000000012', '2018-07-02', 154.00);
INSERT INTO `user_pay_info` VALUES ('1000000012', '2018-09-06', 147.00);
INSERT INTO `user_pay_info` VALUES ('1000000012', '2018-11-09', 149.00);
INSERT INTO `user_pay_info` VALUES ('1000000012', '2019-01-08', 100.00);
INSERT INTO `user_pay_info` VALUES ('1000000012', '2019-03-08', 97.00);
INSERT INTO `user_pay_info` VALUES ('1000000013', '2018-03-07', 157.00);
INSERT INTO `user_pay_info` VALUES ('1000000013', '2018-05-03', 130.00);
INSERT INTO `user_pay_info` VALUES ('1000000013', '2018-07-02', 84.00);
INSERT INTO `user_pay_info` VALUES ('1000000013', '2018-09-07', 67.00);
INSERT INTO `user_pay_info` VALUES ('1000000013', '2018-11-09', 88.00);
INSERT INTO `user_pay_info` VALUES ('1000000013', '2019-01-08', 157.00);
INSERT INTO `user_pay_info` VALUES ('1000000013', '2019-03-08', 152.00);
INSERT INTO `user_pay_info` VALUES ('1000000014', '2018-03-07', 87.00);
INSERT INTO `user_pay_info` VALUES ('1000000014', '2018-05-03', 72.00);
INSERT INTO `user_pay_info` VALUES ('1000000014', '2018-07-02', 88.00);
INSERT INTO `user_pay_info` VALUES ('1000000014', '2018-09-07', 141.00);
INSERT INTO `user_pay_info` VALUES ('1000000014', '2018-11-09', 133.00);
INSERT INTO `user_pay_info` VALUES ('1000000014', '2019-01-08', 139.00);
INSERT INTO `user_pay_info` VALUES ('1000000014', '2019-03-08', 89.00);
INSERT INTO `user_pay_info` VALUES ('1000000015', '2018-03-07', 81.00);
INSERT INTO `user_pay_info` VALUES ('1000000015', '2018-05-03', 90.00);
INSERT INTO `user_pay_info` VALUES ('1000000015', '2018-07-02', 158.00);
INSERT INTO `user_pay_info` VALUES ('1000000015', '2018-09-07', 142.00);
INSERT INTO `user_pay_info` VALUES ('1000000015', '2018-11-09', 75.00);
INSERT INTO `user_pay_info` VALUES ('1000000015', '2019-01-08', 84.00);
INSERT INTO `user_pay_info` VALUES ('1000000015', '2019-03-08', 70.00);
INSERT INTO `user_pay_info` VALUES ('1000000016', '2018-03-07', 127.00);
INSERT INTO `user_pay_info` VALUES ('1000000016', '2018-05-03', 73.00);
INSERT INTO `user_pay_info` VALUES ('1000000016', '2018-07-02', 62.00);
INSERT INTO `user_pay_info` VALUES ('1000000016', '2018-09-07', 101.00);
INSERT INTO `user_pay_info` VALUES ('1000000016', '2018-11-09', 98.00);
INSERT INTO `user_pay_info` VALUES ('1000000016', '2019-01-11', 110.00);
INSERT INTO `user_pay_info` VALUES ('1000000016', '2019-02-04', 100.00);
INSERT INTO `user_pay_info` VALUES ('1000000016', '2019-03-08', 113.00);
INSERT INTO `user_pay_info` VALUES ('1000000017', '2018-03-07', 104.00);
INSERT INTO `user_pay_info` VALUES ('1000000017', '2018-05-03', 126.00);
INSERT INTO `user_pay_info` VALUES ('1000000017', '2018-07-02', 82.00);
INSERT INTO `user_pay_info` VALUES ('1000000017', '2018-09-07', 103.00);
INSERT INTO `user_pay_info` VALUES ('1000000017', '2018-11-09', 126.00);
INSERT INTO `user_pay_info` VALUES ('1000000017', '2019-01-11', 154.00);
INSERT INTO `user_pay_info` VALUES ('1000000017', '2019-03-08', 85.00);
INSERT INTO `user_pay_info` VALUES ('1000000018', '2018-03-08', 100.00);
INSERT INTO `user_pay_info` VALUES ('1000000018', '2018-05-03', 82.00);
INSERT INTO `user_pay_info` VALUES ('1000000018', '2018-07-02', 58.00);
INSERT INTO `user_pay_info` VALUES ('1000000018', '2018-09-07', 101.00);
INSERT INTO `user_pay_info` VALUES ('1000000018', '2018-11-09', 130.00);
INSERT INTO `user_pay_info` VALUES ('1000000018', '2019-01-11', 103.00);
INSERT INTO `user_pay_info` VALUES ('1000000018', '2019-03-08', 67.00);
INSERT INTO `user_pay_info` VALUES ('1000000019', '2018-03-07', 136.00);
INSERT INTO `user_pay_info` VALUES ('1000000019', '2018-05-03', 97.00);
INSERT INTO `user_pay_info` VALUES ('1000000019', '2018-07-02', 126.00);
INSERT INTO `user_pay_info` VALUES ('1000000019', '2018-09-07', 137.00);
INSERT INTO `user_pay_info` VALUES ('1000000019', '2018-11-12', 118.00);
INSERT INTO `user_pay_info` VALUES ('1000000019', '2019-03-08', 115.00);
INSERT INTO `user_pay_info` VALUES ('1000000020', '2018-03-08', 149.00);
INSERT INTO `user_pay_info` VALUES ('1000000020', '2018-05-03', 140.00);
INSERT INTO `user_pay_info` VALUES ('1000000020', '2018-07-02', 96.00);
INSERT INTO `user_pay_info` VALUES ('1000000020', '2018-09-08', 89.00);
INSERT INTO `user_pay_info` VALUES ('1000000020', '2018-11-12', 137.00);
INSERT INTO `user_pay_info` VALUES ('1000000020', '2019-01-11', 148.00);
INSERT INTO `user_pay_info` VALUES ('1000000020', '2019-03-10', 140.00);
INSERT INTO `user_pay_info` VALUES ('1000000021', '2018-03-08', 97.00);
INSERT INTO `user_pay_info` VALUES ('1000000021', '2018-05-03', 87.00);
INSERT INTO `user_pay_info` VALUES ('1000000021', '2018-07-02', 138.00);
INSERT INTO `user_pay_info` VALUES ('1000000021', '2018-09-08', 108.00);
INSERT INTO `user_pay_info` VALUES ('1000000021', '2018-11-12', 134.00);
INSERT INTO `user_pay_info` VALUES ('1000000021', '2019-01-11', 134.00);
INSERT INTO `user_pay_info` VALUES ('1000000021', '2019-03-10', 59.00);
INSERT INTO `user_pay_info` VALUES ('1000000022', '2018-03-08', 107.00);
INSERT INTO `user_pay_info` VALUES ('1000000022', '2018-05-03', 52.00);
INSERT INTO `user_pay_info` VALUES ('1000000022', '2018-07-02', 120.00);
INSERT INTO `user_pay_info` VALUES ('1000000022', '2018-09-08', 60.00);
INSERT INTO `user_pay_info` VALUES ('1000000022', '2019-01-11', 54.00);
INSERT INTO `user_pay_info` VALUES ('1000000022', '2019-03-10', 141.00);
INSERT INTO `user_pay_info` VALUES ('1000000023', '2018-03-08', 58.00);
INSERT INTO `user_pay_info` VALUES ('1000000023', '2018-05-03', 101.00);
INSERT INTO `user_pay_info` VALUES ('1000000023', '2018-07-02', 115.00);
INSERT INTO `user_pay_info` VALUES ('1000000023', '2018-09-08', 104.00);
INSERT INTO `user_pay_info` VALUES ('1000000023', '2019-03-10', 115.00);
INSERT INTO `user_pay_info` VALUES ('1000000024', '2018-03-08', 148.00);
INSERT INTO `user_pay_info` VALUES ('1000000024', '2018-05-03', 139.00);
INSERT INTO `user_pay_info` VALUES ('1000000024', '2018-07-02', 97.00);
INSERT INTO `user_pay_info` VALUES ('1000000024', '2018-09-08', 110.00);
INSERT INTO `user_pay_info` VALUES ('1000000024', '2018-11-12', 143.00);
INSERT INTO `user_pay_info` VALUES ('1000000024', '2019-01-11', 145.00);
INSERT INTO `user_pay_info` VALUES ('1000000024', '2019-03-10', 122.00);
INSERT INTO `user_pay_info` VALUES ('1000000025', '2018-03-08', 146.00);
INSERT INTO `user_pay_info` VALUES ('1000000025', '2018-05-03', 129.00);
INSERT INTO `user_pay_info` VALUES ('1000000025', '2018-07-02', 87.00);
INSERT INTO `user_pay_info` VALUES ('1000000025', '2018-09-08', 121.00);
INSERT INTO `user_pay_info` VALUES ('1000000025', '2018-11-12', 67.00);
INSERT INTO `user_pay_info` VALUES ('1000000025', '2019-01-11', 51.00);
INSERT INTO `user_pay_info` VALUES ('1000000025', '2019-03-10', 50.00);
INSERT INTO `user_pay_info` VALUES ('1000000026', '2018-03-08', 82.00);
INSERT INTO `user_pay_info` VALUES ('1000000026', '2018-05-03', 137.00);
INSERT INTO `user_pay_info` VALUES ('1000000026', '2018-07-02', 147.00);
INSERT INTO `user_pay_info` VALUES ('1000000026', '2018-09-08', 116.00);
INSERT INTO `user_pay_info` VALUES ('1000000026', '2018-11-12', 111.00);
INSERT INTO `user_pay_info` VALUES ('1000000026', '2019-01-12', 98.00);
INSERT INTO `user_pay_info` VALUES ('1000000026', '2019-03-10', 86.00);
INSERT INTO `user_pay_info` VALUES ('1000000027', '2018-03-08', 90.00);
INSERT INTO `user_pay_info` VALUES ('1000000027', '2018-05-03', 78.00);
INSERT INTO `user_pay_info` VALUES ('1000000027', '2018-07-02', 92.00);
INSERT INTO `user_pay_info` VALUES ('1000000027', '2018-09-08', 86.00);
INSERT INTO `user_pay_info` VALUES ('1000000027', '2018-11-12', 101.00);
INSERT INTO `user_pay_info` VALUES ('1000000027', '2019-01-12', 60.00);
INSERT INTO `user_pay_info` VALUES ('1000000027', '2019-03-10', 124.00);
INSERT INTO `user_pay_info` VALUES ('1000000028', '2018-03-09', 108.00);
INSERT INTO `user_pay_info` VALUES ('1000000028', '2018-05-03', 128.00);
INSERT INTO `user_pay_info` VALUES ('1000000028', '2018-07-02', 99.00);
INSERT INTO `user_pay_info` VALUES ('1000000028', '2018-09-11', 74.00);
INSERT INTO `user_pay_info` VALUES ('1000000028', '2018-11-12', 68.00);
INSERT INTO `user_pay_info` VALUES ('1000000028', '2019-03-10', 94.00);
INSERT INTO `user_pay_info` VALUES ('1000000029', '2018-03-08', 118.00);
INSERT INTO `user_pay_info` VALUES ('1000000029', '2018-05-03', 142.00);
INSERT INTO `user_pay_info` VALUES ('1000000029', '2018-07-02', 101.00);
INSERT INTO `user_pay_info` VALUES ('1000000029', '2018-09-11', 77.00);
INSERT INTO `user_pay_info` VALUES ('1000000029', '2018-11-12', 138.00);
INSERT INTO `user_pay_info` VALUES ('1000000029', '2019-01-12', 54.00);
INSERT INTO `user_pay_info` VALUES ('1000000029', '2019-03-10', 61.00);
INSERT INTO `user_pay_info` VALUES ('1000000030', '2018-03-08', 95.00);
INSERT INTO `user_pay_info` VALUES ('1000000030', '2018-05-03', 71.00);
INSERT INTO `user_pay_info` VALUES ('1000000030', '2018-07-02', 79.00);
INSERT INTO `user_pay_info` VALUES ('1000000030', '2018-09-11', 139.00);
INSERT INTO `user_pay_info` VALUES ('1000000030', '2018-11-14', 54.00);
INSERT INTO `user_pay_info` VALUES ('1000000030', '2019-01-12', 119.00);
INSERT INTO `user_pay_info` VALUES ('1000000030', '2019-03-10', 114.00);
INSERT INTO `user_pay_info` VALUES ('1000000031', '2018-03-08', 130.00);
INSERT INTO `user_pay_info` VALUES ('1000000031', '2018-05-03', 126.00);
INSERT INTO `user_pay_info` VALUES ('1000000031', '2018-07-02', 109.00);
INSERT INTO `user_pay_info` VALUES ('1000000031', '2018-09-11', 96.00);
INSERT INTO `user_pay_info` VALUES ('1000000031', '2018-11-14', 65.00);
INSERT INTO `user_pay_info` VALUES ('1000000031', '2019-01-12', 65.00);
INSERT INTO `user_pay_info` VALUES ('1000000031', '2019-03-10', 64.00);
INSERT INTO `user_pay_info` VALUES ('1000000032', '2018-05-03', 122.00);
INSERT INTO `user_pay_info` VALUES ('1000000032', '2018-07-02', 66.00);
INSERT INTO `user_pay_info` VALUES ('1000000032', '2018-09-11', 90.00);
INSERT INTO `user_pay_info` VALUES ('1000000032', '2018-11-14', 69.00);
INSERT INTO `user_pay_info` VALUES ('1000000032', '2019-01-12', 80.00);
INSERT INTO `user_pay_info` VALUES ('1000000032', '2019-03-10', 92.00);
INSERT INTO `user_pay_info` VALUES ('1000000033', '2018-03-08', 149.00);
INSERT INTO `user_pay_info` VALUES ('1000000033', '2018-05-03', 105.00);
INSERT INTO `user_pay_info` VALUES ('1000000033', '2018-07-02', 55.00);
INSERT INTO `user_pay_info` VALUES ('1000000033', '2018-11-14', 77.00);
INSERT INTO `user_pay_info` VALUES ('1000000033', '2019-01-12', 89.00);
INSERT INTO `user_pay_info` VALUES ('1000000033', '2019-03-10', 70.00);
INSERT INTO `user_pay_info` VALUES ('1000000034', '2018-03-11', 98.00);
INSERT INTO `user_pay_info` VALUES ('1000000034', '2018-05-03', 120.00);
INSERT INTO `user_pay_info` VALUES ('1000000034', '2018-07-02', 83.00);
INSERT INTO `user_pay_info` VALUES ('1000000034', '2018-09-11', 133.00);
INSERT INTO `user_pay_info` VALUES ('1000000034', '2018-11-14', 122.00);
INSERT INTO `user_pay_info` VALUES ('1000000034', '2019-01-04', 79.00);
INSERT INTO `user_pay_info` VALUES ('1000000034', '2019-03-10', 86.00);
INSERT INTO `user_pay_info` VALUES ('1000000035', '2018-03-11', 83.00);
INSERT INTO `user_pay_info` VALUES ('1000000035', '2018-05-03', 139.00);
INSERT INTO `user_pay_info` VALUES ('1000000035', '2018-07-02', 108.00);
INSERT INTO `user_pay_info` VALUES ('1000000035', '2018-09-11', 104.00);
INSERT INTO `user_pay_info` VALUES ('1000000035', '2018-11-14', 135.00);
INSERT INTO `user_pay_info` VALUES ('1000000035', '2019-01-04', 83.00);
INSERT INTO `user_pay_info` VALUES ('1000000035', '2019-03-12', 117.00);
INSERT INTO `user_pay_info` VALUES ('1000000036', '2018-05-03', 71.00);
INSERT INTO `user_pay_info` VALUES ('1000000036', '2018-07-02', 117.00);
INSERT INTO `user_pay_info` VALUES ('1000000036', '2018-09-11', 100.00);
INSERT INTO `user_pay_info` VALUES ('1000000036', '2018-11-14', 143.00);
INSERT INTO `user_pay_info` VALUES ('1000000036', '2019-01-04', 87.00);
INSERT INTO `user_pay_info` VALUES ('1000000036', '2019-03-12', 127.00);
INSERT INTO `user_pay_info` VALUES ('1000000037', '2018-03-11', 69.00);
INSERT INTO `user_pay_info` VALUES ('1000000037', '2018-05-03', 130.00);
INSERT INTO `user_pay_info` VALUES ('1000000037', '2018-07-02', 73.00);
INSERT INTO `user_pay_info` VALUES ('1000000037', '2018-09-20', 94.00);
INSERT INTO `user_pay_info` VALUES ('1000000037', '2018-11-14', 69.00);
INSERT INTO `user_pay_info` VALUES ('1000000037', '2019-01-04', 106.00);
INSERT INTO `user_pay_info` VALUES ('1000000037', '2019-03-12', 86.00);
INSERT INTO `user_pay_info` VALUES ('1000000038', '2018-03-11', 92.00);
INSERT INTO `user_pay_info` VALUES ('1000000038', '2018-05-03', 71.00);
INSERT INTO `user_pay_info` VALUES ('1000000038', '2018-07-02', 77.00);
INSERT INTO `user_pay_info` VALUES ('1000000038', '2018-09-20', 145.00);
INSERT INTO `user_pay_info` VALUES ('1000000038', '2018-11-14', 86.00);
INSERT INTO `user_pay_info` VALUES ('1000000038', '2019-03-12', 63.00);
INSERT INTO `user_pay_info` VALUES ('1000000039', '2018-03-02', 118.00);
INSERT INTO `user_pay_info` VALUES ('1000000039', '2018-05-03', 127.00);
INSERT INTO `user_pay_info` VALUES ('1000000039', '2018-07-02', 88.00);
INSERT INTO `user_pay_info` VALUES ('1000000039', '2018-09-20', 142.00);
INSERT INTO `user_pay_info` VALUES ('1000000039', '2018-11-14', 96.00);
INSERT INTO `user_pay_info` VALUES ('1000000039', '2019-01-04', 81.00);
INSERT INTO `user_pay_info` VALUES ('1000000039', '2019-03-12', 98.00);
INSERT INTO `user_pay_info` VALUES ('1000000040', '2018-03-11', 111.00);
INSERT INTO `user_pay_info` VALUES ('1000000040', '2018-05-03', 98.00);
INSERT INTO `user_pay_info` VALUES ('1000000040', '2018-07-02', 129.00);
INSERT INTO `user_pay_info` VALUES ('1000000040', '2018-09-20', 71.00);
INSERT INTO `user_pay_info` VALUES ('1000000040', '2018-11-14', 52.00);
INSERT INTO `user_pay_info` VALUES ('1000000040', '2019-01-04', 101.00);
INSERT INTO `user_pay_info` VALUES ('1000000040', '2019-03-12', 94.00);
INSERT INTO `user_pay_info` VALUES ('1000000041', '2018-03-11', 122.00);
INSERT INTO `user_pay_info` VALUES ('1000000041', '2018-05-03', 141.00);
INSERT INTO `user_pay_info` VALUES ('1000000041', '2018-07-02', 123.00);
INSERT INTO `user_pay_info` VALUES ('1000000041', '2018-09-20', 93.00);
INSERT INTO `user_pay_info` VALUES ('1000000041', '2018-11-14', 145.00);
INSERT INTO `user_pay_info` VALUES ('1000000041', '2019-01-04', 59.00);
INSERT INTO `user_pay_info` VALUES ('1000000042', '2018-03-11', 82.00);
INSERT INTO `user_pay_info` VALUES ('1000000042', '2018-05-03', 123.00);
INSERT INTO `user_pay_info` VALUES ('1000000042', '2018-07-02', 69.00);
INSERT INTO `user_pay_info` VALUES ('1000000042', '2018-09-20', 57.00);
INSERT INTO `user_pay_info` VALUES ('1000000042', '2018-11-07', 114.00);
INSERT INTO `user_pay_info` VALUES ('1000000042', '2019-01-04', 62.00);
INSERT INTO `user_pay_info` VALUES ('1000000042', '2019-03-12', 105.00);
INSERT INTO `user_pay_info` VALUES ('1000000043', '2018-03-11', 81.00);
INSERT INTO `user_pay_info` VALUES ('1000000043', '2018-05-03', 50.00);
INSERT INTO `user_pay_info` VALUES ('1000000043', '2018-07-02', 90.00);
INSERT INTO `user_pay_info` VALUES ('1000000043', '2018-09-20', 142.00);
INSERT INTO `user_pay_info` VALUES ('1000000043', '2018-11-07', 107.00);
INSERT INTO `user_pay_info` VALUES ('1000000043', '2019-01-04', 66.00);
INSERT INTO `user_pay_info` VALUES ('1000000043', '2019-03-12', 104.00);
INSERT INTO `user_pay_info` VALUES ('1000000044', '2018-03-11', 120.00);
INSERT INTO `user_pay_info` VALUES ('1000000044', '2018-07-02', 117.00);
INSERT INTO `user_pay_info` VALUES ('1000000044', '2018-09-05', 79.00);
INSERT INTO `user_pay_info` VALUES ('1000000044', '2018-11-07', 82.00);
INSERT INTO `user_pay_info` VALUES ('1000000044', '2019-01-04', 59.00);
INSERT INTO `user_pay_info` VALUES ('1000000044', '2019-03-12', 144.00);
INSERT INTO `user_pay_info` VALUES ('1000000045', '2018-03-11', 82.00);
INSERT INTO `user_pay_info` VALUES ('1000000045', '2018-05-03', 141.00);
INSERT INTO `user_pay_info` VALUES ('1000000045', '2018-07-02', 108.00);
INSERT INTO `user_pay_info` VALUES ('1000000045', '2018-09-05', 146.00);
INSERT INTO `user_pay_info` VALUES ('1000000045', '2018-11-07', 123.00);
INSERT INTO `user_pay_info` VALUES ('1000000045', '2019-01-04', 59.00);
INSERT INTO `user_pay_info` VALUES ('1000000045', '2019-03-12', 52.00);
INSERT INTO `user_pay_info` VALUES ('1000000046', '2018-03-11', 129.00);
INSERT INTO `user_pay_info` VALUES ('1000000046', '2018-05-03', 104.00);
INSERT INTO `user_pay_info` VALUES ('1000000046', '2018-07-02', 112.00);
INSERT INTO `user_pay_info` VALUES ('1000000046', '2018-11-07', 141.00);
INSERT INTO `user_pay_info` VALUES ('1000000046', '2019-01-04', 119.00);
INSERT INTO `user_pay_info` VALUES ('1000000046', '2019-03-12', 106.00);
INSERT INTO `user_pay_info` VALUES ('1000000047', '2018-03-01', 113.00);
INSERT INTO `user_pay_info` VALUES ('1000000047', '2018-05-03', 126.00);
INSERT INTO `user_pay_info` VALUES ('1000000047', '2018-07-02', 71.00);
INSERT INTO `user_pay_info` VALUES ('1000000047', '2018-09-05', 134.00);
INSERT INTO `user_pay_info` VALUES ('1000000047', '2018-11-07', 65.00);
INSERT INTO `user_pay_info` VALUES ('1000000047', '2019-01-04', 83.00);
INSERT INTO `user_pay_info` VALUES ('1000000047', '2019-03-04', 62.00);
INSERT INTO `user_pay_info` VALUES ('1000000048', '2018-03-01', 139.00);
INSERT INTO `user_pay_info` VALUES ('1000000048', '2018-05-03', 115.00);
INSERT INTO `user_pay_info` VALUES ('1000000048', '2018-07-02', 139.00);
INSERT INTO `user_pay_info` VALUES ('1000000048', '2018-11-07', 89.00);
INSERT INTO `user_pay_info` VALUES ('1000000048', '2019-01-04', 77.00);
INSERT INTO `user_pay_info` VALUES ('1000000048', '2019-03-04', 119.00);
INSERT INTO `user_pay_info` VALUES ('1000000049', '2018-03-01', 99.00);
INSERT INTO `user_pay_info` VALUES ('1000000049', '2018-05-03', 53.00);
INSERT INTO `user_pay_info` VALUES ('1000000049', '2018-07-02', 74.00);
INSERT INTO `user_pay_info` VALUES ('1000000049', '2018-09-05', 145.00);
INSERT INTO `user_pay_info` VALUES ('1000000049', '2018-11-07', 110.00);
INSERT INTO `user_pay_info` VALUES ('1000000049', '2019-01-04', 53.00);
INSERT INTO `user_pay_info` VALUES ('1000000049', '2019-03-04', 55.00);
INSERT INTO `user_pay_info` VALUES ('1000000050', '2018-03-01', 59.00);
INSERT INTO `user_pay_info` VALUES ('1000000050', '2018-05-03', 115.00);
INSERT INTO `user_pay_info` VALUES ('1000000050', '2018-07-02', 104.00);
INSERT INTO `user_pay_info` VALUES ('1000000050', '2018-09-05', 83.00);
INSERT INTO `user_pay_info` VALUES ('1000000050', '2018-11-07', 81.00);
INSERT INTO `user_pay_info` VALUES ('1000000050', '2019-01-04', 57.00);
INSERT INTO `user_pay_info` VALUES ('1000000050', '2019-03-04', 69.00);
INSERT INTO `user_pay_info` VALUES ('1000000051', '2018-03-01', 129.00);
INSERT INTO `user_pay_info` VALUES ('1000000051', '2018-05-03', 52.00);
INSERT INTO `user_pay_info` VALUES ('1000000051', '2018-07-02', 138.00);
INSERT INTO `user_pay_info` VALUES ('1000000051', '2018-09-05', 51.00);
INSERT INTO `user_pay_info` VALUES ('1000000051', '2018-11-07', 112.00);
INSERT INTO `user_pay_info` VALUES ('1000000051', '2019-01-04', 115.00);
INSERT INTO `user_pay_info` VALUES ('1000000052', '2018-03-01', 101.00);
INSERT INTO `user_pay_info` VALUES ('1000000052', '2018-05-03', 114.00);
INSERT INTO `user_pay_info` VALUES ('1000000052', '2018-07-02', 77.00);
INSERT INTO `user_pay_info` VALUES ('1000000052', '2018-09-05', 134.00);
INSERT INTO `user_pay_info` VALUES ('1000000052', '2018-11-07', 98.00);
INSERT INTO `user_pay_info` VALUES ('1000000052', '2019-01-04', 93.00);
INSERT INTO `user_pay_info` VALUES ('1000000052', '2019-03-04', 149.00);
INSERT INTO `user_pay_info` VALUES ('1000000053', '2018-03-01', 98.00);
INSERT INTO `user_pay_info` VALUES ('1000000053', '2018-05-03', 68.00);
INSERT INTO `user_pay_info` VALUES ('1000000053', '2018-07-02', 139.00);
INSERT INTO `user_pay_info` VALUES ('1000000053', '2018-09-05', 146.00);
INSERT INTO `user_pay_info` VALUES ('1000000053', '2018-11-07', 91.00);
INSERT INTO `user_pay_info` VALUES ('1000000053', '2019-01-04', 60.00);
INSERT INTO `user_pay_info` VALUES ('1000000053', '2019-03-04', 92.00);
INSERT INTO `user_pay_info` VALUES ('1000000054', '2018-03-01', 106.00);
INSERT INTO `user_pay_info` VALUES ('1000000054', '2018-05-03', 53.00);
INSERT INTO `user_pay_info` VALUES ('1000000054', '2018-09-05', 66.00);
INSERT INTO `user_pay_info` VALUES ('1000000054', '2018-11-07', 90.00);
INSERT INTO `user_pay_info` VALUES ('1000000054', '2019-01-04', 53.00);
INSERT INTO `user_pay_info` VALUES ('1000000054', '2019-03-04', 91.00);
INSERT INTO `user_pay_info` VALUES ('1000000055', '2018-03-01', 141.00);
INSERT INTO `user_pay_info` VALUES ('1000000055', '2018-05-03', 94.00);
INSERT INTO `user_pay_info` VALUES ('1000000055', '2018-07-02', 142.00);
INSERT INTO `user_pay_info` VALUES ('1000000055', '2018-09-05', 101.00);
INSERT INTO `user_pay_info` VALUES ('1000000055', '2018-11-07', 97.00);
INSERT INTO `user_pay_info` VALUES ('1000000055', '2019-01-04', 78.00);
INSERT INTO `user_pay_info` VALUES ('1000000055', '2019-03-05', 135.00);
INSERT INTO `user_pay_info` VALUES ('1000000056', '2018-03-01', 119.00);
INSERT INTO `user_pay_info` VALUES ('1000000056', '2018-05-03', 143.00);
INSERT INTO `user_pay_info` VALUES ('1000000056', '2018-07-02', 89.00);
INSERT INTO `user_pay_info` VALUES ('1000000056', '2018-09-05', 145.00);
INSERT INTO `user_pay_info` VALUES ('1000000056', '2018-11-07', 84.00);
INSERT INTO `user_pay_info` VALUES ('1000000056', '2019-01-04', 61.00);
INSERT INTO `user_pay_info` VALUES ('1000000056', '2019-03-06', 73.00);
INSERT INTO `user_pay_info` VALUES ('1000000057', '2018-03-01', 113.00);
INSERT INTO `user_pay_info` VALUES ('1000000057', '2018-05-03', 64.00);
INSERT INTO `user_pay_info` VALUES ('1000000057', '2018-07-02', 90.00);
INSERT INTO `user_pay_info` VALUES ('1000000057', '2018-09-05', 106.00);
INSERT INTO `user_pay_info` VALUES ('1000000057', '2018-11-07', 121.00);
INSERT INTO `user_pay_info` VALUES ('1000000057', '2019-01-04', 129.00);
INSERT INTO `user_pay_info` VALUES ('1000000057', '2019-03-06', 88.00);
INSERT INTO `user_pay_info` VALUES ('1000000058', '2018-03-01', 89.00);
INSERT INTO `user_pay_info` VALUES ('1000000058', '2018-05-03', 141.00);
INSERT INTO `user_pay_info` VALUES ('1000000058', '2018-07-02', 76.00);
INSERT INTO `user_pay_info` VALUES ('1000000058', '2018-09-05', 122.00);
INSERT INTO `user_pay_info` VALUES ('1000000058', '2018-11-07', 76.00);
INSERT INTO `user_pay_info` VALUES ('1000000058', '2019-01-04', 118.00);
INSERT INTO `user_pay_info` VALUES ('1000000058', '2019-03-07', 63.00);
INSERT INTO `user_pay_info` VALUES ('1000000059', '2018-03-01', 98.00);
INSERT INTO `user_pay_info` VALUES ('1000000059', '2018-05-03', 71.00);
INSERT INTO `user_pay_info` VALUES ('1000000059', '2018-07-02', 52.00);
INSERT INTO `user_pay_info` VALUES ('1000000059', '2018-09-05', 130.00);
INSERT INTO `user_pay_info` VALUES ('1000000059', '2018-10-05', 80.00);
INSERT INTO `user_pay_info` VALUES ('1000000059', '2018-11-07', 107.00);
INSERT INTO `user_pay_info` VALUES ('1000000059', '2019-01-04', 90.00);
INSERT INTO `user_pay_info` VALUES ('1000000059', '2019-03-07', 112.00);
INSERT INTO `user_pay_info` VALUES ('1000000060', '2018-03-01', 121.00);
INSERT INTO `user_pay_info` VALUES ('1000000060', '2018-05-03', 111.00);
INSERT INTO `user_pay_info` VALUES ('1000000060', '2018-07-02', 81.00);
INSERT INTO `user_pay_info` VALUES ('1000000060', '2018-09-05', 54.00);
INSERT INTO `user_pay_info` VALUES ('1000000060', '2018-11-07', 127.00);
INSERT INTO `user_pay_info` VALUES ('1000000060', '2019-01-04', 104.00);
INSERT INTO `user_pay_info` VALUES ('1000000060', '2019-03-08', 132.00);
INSERT INTO `user_pay_info` VALUES ('1000000061', '2018-03-01', 58.00);
INSERT INTO `user_pay_info` VALUES ('1000000061', '2018-05-03', 90.00);
INSERT INTO `user_pay_info` VALUES ('1000000061', '2018-07-02', 139.00);
INSERT INTO `user_pay_info` VALUES ('1000000061', '2018-09-05', 62.00);
INSERT INTO `user_pay_info` VALUES ('1000000061', '2018-11-07', 98.00);
INSERT INTO `user_pay_info` VALUES ('1000000061', '2019-01-04', 106.00);
INSERT INTO `user_pay_info` VALUES ('1000000061', '2019-03-08', 130.00);
INSERT INTO `user_pay_info` VALUES ('1000000062', '2018-03-01', 92.00);
INSERT INTO `user_pay_info` VALUES ('1000000062', '2018-05-03', 73.00);
INSERT INTO `user_pay_info` VALUES ('1000000062', '2018-07-02', 147.00);
INSERT INTO `user_pay_info` VALUES ('1000000062', '2018-09-05', 52.00);
INSERT INTO `user_pay_info` VALUES ('1000000062', '2018-11-07', 144.00);
INSERT INTO `user_pay_info` VALUES ('1000000062', '2019-01-04', 141.00);
INSERT INTO `user_pay_info` VALUES ('1000000062', '2019-03-04', 124.00);
INSERT INTO `user_pay_info` VALUES ('1000000063', '2018-03-01', 100.00);
INSERT INTO `user_pay_info` VALUES ('1000000063', '2018-05-30', 71.00);
INSERT INTO `user_pay_info` VALUES ('1000000063', '2018-07-02', 72.00);
INSERT INTO `user_pay_info` VALUES ('1000000063', '2018-09-05', 57.00);
INSERT INTO `user_pay_info` VALUES ('1000000063', '2018-11-02', 112.00);
INSERT INTO `user_pay_info` VALUES ('1000000063', '2019-01-04', 139.00);
INSERT INTO `user_pay_info` VALUES ('1000000063', '2019-03-04', 77.00);
INSERT INTO `user_pay_info` VALUES ('1000000064', '2018-03-01', 75.00);
INSERT INTO `user_pay_info` VALUES ('1000000064', '2018-05-03', 78.00);
INSERT INTO `user_pay_info` VALUES ('1000000064', '2018-07-02', 73.00);
INSERT INTO `user_pay_info` VALUES ('1000000064', '2018-09-05', 73.00);
INSERT INTO `user_pay_info` VALUES ('1000000064', '2018-11-07', 119.00);
INSERT INTO `user_pay_info` VALUES ('1000000064', '2019-03-04', 102.00);
INSERT INTO `user_pay_info` VALUES ('1000000065', '2018-03-01', 148.00);
INSERT INTO `user_pay_info` VALUES ('1000000065', '2018-05-03', 75.00);
INSERT INTO `user_pay_info` VALUES ('1000000065', '2018-07-02', 123.00);
INSERT INTO `user_pay_info` VALUES ('1000000065', '2018-09-05', 100.00);
INSERT INTO `user_pay_info` VALUES ('1000000065', '2018-11-07', 89.00);
INSERT INTO `user_pay_info` VALUES ('1000000065', '2019-01-04', 65.00);
INSERT INTO `user_pay_info` VALUES ('1000000065', '2019-03-04', 134.00);
INSERT INTO `user_pay_info` VALUES ('1000000066', '2018-03-01', 141.00);
INSERT INTO `user_pay_info` VALUES ('1000000066', '2018-05-03', 126.00);
INSERT INTO `user_pay_info` VALUES ('1000000066', '2018-07-02', 117.00);
INSERT INTO `user_pay_info` VALUES ('1000000066', '2018-09-05', 96.00);
INSERT INTO `user_pay_info` VALUES ('1000000066', '2018-11-07', 83.00);
INSERT INTO `user_pay_info` VALUES ('1000000066', '2019-03-04', 136.00);
INSERT INTO `user_pay_info` VALUES ('1000000067', '2018-03-01', 89.00);
INSERT INTO `user_pay_info` VALUES ('1000000067', '2018-05-03', 121.00);
INSERT INTO `user_pay_info` VALUES ('1000000067', '2018-07-02', 131.00);
INSERT INTO `user_pay_info` VALUES ('1000000067', '2018-09-05', 117.00);
INSERT INTO `user_pay_info` VALUES ('1000000067', '2018-11-07', 108.00);
INSERT INTO `user_pay_info` VALUES ('1000000067', '2019-01-04', 58.00);
INSERT INTO `user_pay_info` VALUES ('1000000067', '2019-03-04', 65.00);
INSERT INTO `user_pay_info` VALUES ('1000000068', '2018-03-01', 85.00);
INSERT INTO `user_pay_info` VALUES ('1000000068', '2018-05-03', 133.00);
INSERT INTO `user_pay_info` VALUES ('1000000068', '2018-07-02', 117.00);
INSERT INTO `user_pay_info` VALUES ('1000000068', '2018-09-05', 63.00);
INSERT INTO `user_pay_info` VALUES ('1000000068', '2018-11-07', 142.00);
INSERT INTO `user_pay_info` VALUES ('1000000068', '2019-01-04', 99.00);
INSERT INTO `user_pay_info` VALUES ('1000000068', '2019-03-04', 72.00);
INSERT INTO `user_pay_info` VALUES ('1000000069', '2018-03-01', 74.00);
INSERT INTO `user_pay_info` VALUES ('1000000069', '2018-07-02', 127.00);
INSERT INTO `user_pay_info` VALUES ('1000000069', '2018-09-05', 96.00);
INSERT INTO `user_pay_info` VALUES ('1000000069', '2018-11-07', 79.00);
INSERT INTO `user_pay_info` VALUES ('1000000069', '2019-01-04', 68.00);
INSERT INTO `user_pay_info` VALUES ('1000000069', '2019-03-04', 104.00);
INSERT INTO `user_pay_info` VALUES ('1000000070', '2018-03-01', 57.00);
INSERT INTO `user_pay_info` VALUES ('1000000070', '2018-05-03', 57.00);
INSERT INTO `user_pay_info` VALUES ('1000000070', '2018-07-02', 78.00);
INSERT INTO `user_pay_info` VALUES ('1000000070', '2018-09-05', 82.00);
INSERT INTO `user_pay_info` VALUES ('1000000070', '2018-11-07', 107.00);
INSERT INTO `user_pay_info` VALUES ('1000000070', '2019-01-04', 89.00);
INSERT INTO `user_pay_info` VALUES ('1000000070', '2019-02-08', 70.00);
INSERT INTO `user_pay_info` VALUES ('1000000070', '2019-03-04', 127.00);
INSERT INTO `user_pay_info` VALUES ('1000000071', '2018-03-01', 69.00);
INSERT INTO `user_pay_info` VALUES ('1000000071', '2018-05-03', 56.00);
INSERT INTO `user_pay_info` VALUES ('1000000071', '2018-06-24', 123.00);
INSERT INTO `user_pay_info` VALUES ('1000000071', '2018-09-05', 102.00);
INSERT INTO `user_pay_info` VALUES ('1000000071', '2018-11-07', 113.00);
INSERT INTO `user_pay_info` VALUES ('1000000071', '2019-01-04', 146.00);
INSERT INTO `user_pay_info` VALUES ('1000000071', '2019-03-04', 133.00);
INSERT INTO `user_pay_info` VALUES ('1000000072', '2018-03-01', 125.00);
INSERT INTO `user_pay_info` VALUES ('1000000072', '2018-05-03', 142.00);
INSERT INTO `user_pay_info` VALUES ('1000000072', '2018-07-02', 59.00);
INSERT INTO `user_pay_info` VALUES ('1000000072', '2018-09-05', 142.00);
INSERT INTO `user_pay_info` VALUES ('1000000072', '2018-11-07', 136.00);
INSERT INTO `user_pay_info` VALUES ('1000000072', '2019-01-04', 124.00);
INSERT INTO `user_pay_info` VALUES ('1000000072', '2019-03-04', 70.00);
INSERT INTO `user_pay_info` VALUES ('1000000073', '2018-03-01', 123.00);
INSERT INTO `user_pay_info` VALUES ('1000000073', '2018-11-07', 60.00);
INSERT INTO `user_pay_info` VALUES ('1000000073', '2019-01-04', 126.00);
INSERT INTO `user_pay_info` VALUES ('1000000073', '2019-03-04', 95.00);
INSERT INTO `user_pay_info` VALUES ('1000000074', '2018-03-01', 93.00);
INSERT INTO `user_pay_info` VALUES ('1000000074', '2018-05-03', 125.00);
INSERT INTO `user_pay_info` VALUES ('1000000074', '2018-07-02', 115.00);
INSERT INTO `user_pay_info` VALUES ('1000000074', '2018-09-05', 69.00);
INSERT INTO `user_pay_info` VALUES ('1000000074', '2018-11-07', 77.00);
INSERT INTO `user_pay_info` VALUES ('1000000074', '2019-01-04', 100.00);
INSERT INTO `user_pay_info` VALUES ('1000000074', '2019-03-04', 57.00);
INSERT INTO `user_pay_info` VALUES ('1000000075', '2018-03-01', 111.00);
INSERT INTO `user_pay_info` VALUES ('1000000075', '2018-05-03', 85.00);
INSERT INTO `user_pay_info` VALUES ('1000000075', '2018-07-02', 84.00);
INSERT INTO `user_pay_info` VALUES ('1000000075', '2018-09-05', 58.00);
INSERT INTO `user_pay_info` VALUES ('1000000075', '2018-11-07', 108.00);
INSERT INTO `user_pay_info` VALUES ('1000000075', '2019-01-04', 83.00);
INSERT INTO `user_pay_info` VALUES ('1000000075', '2019-03-04', 100.00);
INSERT INTO `user_pay_info` VALUES ('1000000076', '2018-03-01', 102.00);
INSERT INTO `user_pay_info` VALUES ('1000000076', '2018-05-03', 100.00);
INSERT INTO `user_pay_info` VALUES ('1000000076', '2018-07-02', 135.00);
INSERT INTO `user_pay_info` VALUES ('1000000076', '2018-09-05', 87.00);
INSERT INTO `user_pay_info` VALUES ('1000000076', '2018-11-07', 111.00);
INSERT INTO `user_pay_info` VALUES ('1000000076', '2019-01-04', 127.00);
INSERT INTO `user_pay_info` VALUES ('1000000076', '2019-03-04', 63.00);
INSERT INTO `user_pay_info` VALUES ('1000000077', '2018-03-01', 82.00);
INSERT INTO `user_pay_info` VALUES ('1000000077', '2018-05-03', 125.00);
INSERT INTO `user_pay_info` VALUES ('1000000077', '2018-07-02', 141.00);
INSERT INTO `user_pay_info` VALUES ('1000000077', '2018-09-05', 135.00);
INSERT INTO `user_pay_info` VALUES ('1000000077', '2018-11-07', 65.00);
INSERT INTO `user_pay_info` VALUES ('1000000077', '2019-01-04', 106.00);
INSERT INTO `user_pay_info` VALUES ('1000000077', '2019-03-04', 66.00);
INSERT INTO `user_pay_info` VALUES ('1000000078', '2018-03-01', 127.00);
INSERT INTO `user_pay_info` VALUES ('1000000078', '2018-09-05', 124.00);
INSERT INTO `user_pay_info` VALUES ('1000000078', '2018-11-07', 79.00);
INSERT INTO `user_pay_info` VALUES ('1000000078', '2019-01-04', 130.00);
INSERT INTO `user_pay_info` VALUES ('1000000078', '2019-03-04', 132.00);
INSERT INTO `user_pay_info` VALUES ('1000000079', '2018-03-01', 134.00);
INSERT INTO `user_pay_info` VALUES ('1000000079', '2018-05-03', 115.00);
INSERT INTO `user_pay_info` VALUES ('1000000079', '2018-07-02', 119.00);
INSERT INTO `user_pay_info` VALUES ('1000000079', '2018-11-07', 86.00);
INSERT INTO `user_pay_info` VALUES ('1000000079', '2019-01-04', 56.00);
INSERT INTO `user_pay_info` VALUES ('1000000079', '2019-03-04', 87.00);
INSERT INTO `user_pay_info` VALUES ('1000000080', '2018-03-01', 53.00);
INSERT INTO `user_pay_info` VALUES ('1000000080', '2018-05-03', 119.00);
INSERT INTO `user_pay_info` VALUES ('1000000080', '2018-07-25', 50.00);
INSERT INTO `user_pay_info` VALUES ('1000000080', '2018-09-05', 82.00);
INSERT INTO `user_pay_info` VALUES ('1000000080', '2018-11-07', 78.00);
INSERT INTO `user_pay_info` VALUES ('1000000080', '2019-01-14', 120.00);
INSERT INTO `user_pay_info` VALUES ('1000000080', '2019-03-04', 101.00);
INSERT INTO `user_pay_info` VALUES ('1000000081', '2018-03-01', 124.00);
INSERT INTO `user_pay_info` VALUES ('1000000081', '2018-05-03', 86.00);
INSERT INTO `user_pay_info` VALUES ('1000000081', '2018-07-02', 113.00);
INSERT INTO `user_pay_info` VALUES ('1000000081', '2018-09-05', 55.00);
INSERT INTO `user_pay_info` VALUES ('1000000081', '2018-11-07', 62.00);
INSERT INTO `user_pay_info` VALUES ('1000000081', '2019-01-04', 91.00);
INSERT INTO `user_pay_info` VALUES ('1000000081', '2019-03-04', 149.00);
INSERT INTO `user_pay_info` VALUES ('1000000082', '2018-07-02', 67.00);
INSERT INTO `user_pay_info` VALUES ('1000000082', '2018-09-05', 126.00);
INSERT INTO `user_pay_info` VALUES ('1000000082', '2018-11-07', 145.00);
INSERT INTO `user_pay_info` VALUES ('1000000082', '2019-01-04', 104.00);
INSERT INTO `user_pay_info` VALUES ('1000000082', '2019-03-04', 66.00);
INSERT INTO `user_pay_info` VALUES ('1000000083', '2018-03-01', 143.00);
INSERT INTO `user_pay_info` VALUES ('1000000083', '2018-05-03', 113.00);
INSERT INTO `user_pay_info` VALUES ('1000000083', '2018-07-02', 145.00);
INSERT INTO `user_pay_info` VALUES ('1000000083', '2018-09-05', 56.00);
INSERT INTO `user_pay_info` VALUES ('1000000083', '2018-11-07', 136.00);
INSERT INTO `user_pay_info` VALUES ('1000000083', '2019-01-04', 88.00);
INSERT INTO `user_pay_info` VALUES ('1000000083', '2019-03-04', 67.00);
INSERT INTO `user_pay_info` VALUES ('1000000084', '2018-03-01', 678.00);
INSERT INTO `user_pay_info` VALUES ('1000000084', '2018-05-03', 92.00);
INSERT INTO `user_pay_info` VALUES ('1000000084', '2018-07-02', 96.00);
INSERT INTO `user_pay_info` VALUES ('1000000084', '2018-09-05', 69.00);
INSERT INTO `user_pay_info` VALUES ('1000000084', '2018-11-07', 93.00);
INSERT INTO `user_pay_info` VALUES ('1000000084', '2019-01-04', 114.00);
INSERT INTO `user_pay_info` VALUES ('1000000084', '2019-03-04', 147.00);
INSERT INTO `user_pay_info` VALUES ('1000000085', '2018-03-01', 78.00);
INSERT INTO `user_pay_info` VALUES ('1000000085', '2018-05-03', 56.00);
INSERT INTO `user_pay_info` VALUES ('1000000085', '2018-07-02', 128.00);
INSERT INTO `user_pay_info` VALUES ('1000000085', '2018-09-05', 72.00);
INSERT INTO `user_pay_info` VALUES ('1000000085', '2018-11-07', 58.00);
INSERT INTO `user_pay_info` VALUES ('1000000085', '2019-01-04', 101.00);
INSERT INTO `user_pay_info` VALUES ('1000000085', '2019-03-04', 76.00);
INSERT INTO `user_pay_info` VALUES ('1000000086', '2018-03-01', 107.00);
INSERT INTO `user_pay_info` VALUES ('1000000086', '2018-05-03', 83.00);
INSERT INTO `user_pay_info` VALUES ('1000000086', '2018-07-02', 60.00);
INSERT INTO `user_pay_info` VALUES ('1000000086', '2018-09-05', 75.00);
INSERT INTO `user_pay_info` VALUES ('1000000087', '2018-03-01', 144.00);
INSERT INTO `user_pay_info` VALUES ('1000000087', '2018-05-03', 131.00);
INSERT INTO `user_pay_info` VALUES ('1000000087', '2018-07-02', 76.00);
INSERT INTO `user_pay_info` VALUES ('1000000087', '2018-09-05', 80.00);
INSERT INTO `user_pay_info` VALUES ('1000000087', '2018-11-07', 78.00);
INSERT INTO `user_pay_info` VALUES ('1000000087', '2019-01-04', 87.00);
INSERT INTO `user_pay_info` VALUES ('1000000087', '2019-03-04', 55.00);
INSERT INTO `user_pay_info` VALUES ('1000000088', '2018-03-01', 67.00);
INSERT INTO `user_pay_info` VALUES ('1000000088', '2018-05-03', 92.00);
INSERT INTO `user_pay_info` VALUES ('1000000088', '2018-07-02', 73.00);
INSERT INTO `user_pay_info` VALUES ('1000000088', '2018-09-05', 115.00);
INSERT INTO `user_pay_info` VALUES ('1000000088', '2018-11-07', 70.00);
INSERT INTO `user_pay_info` VALUES ('1000000088', '2019-01-04', 52.00);
INSERT INTO `user_pay_info` VALUES ('1000000088', '2019-03-04', 69.00);
INSERT INTO `user_pay_info` VALUES ('1000000089', '2018-03-01', 55.00);
INSERT INTO `user_pay_info` VALUES ('1000000089', '2018-05-03', 94.00);
INSERT INTO `user_pay_info` VALUES ('1000000089', '2018-07-02', 75.00);
INSERT INTO `user_pay_info` VALUES ('1000000089', '2018-09-05', 107.00);
INSERT INTO `user_pay_info` VALUES ('1000000089', '2018-11-07', 57.00);
INSERT INTO `user_pay_info` VALUES ('1000000090', '2018-05-03', 89.00);
INSERT INTO `user_pay_info` VALUES ('1000000090', '2018-07-02', 133.00);
INSERT INTO `user_pay_info` VALUES ('1000000090', '2018-09-05', 141.00);
INSERT INTO `user_pay_info` VALUES ('1000000090', '2018-11-07', 98.00);
INSERT INTO `user_pay_info` VALUES ('1000000090', '2019-01-04', 97.00);
INSERT INTO `user_pay_info` VALUES ('1000000090', '2019-03-04', 54.00);
INSERT INTO `user_pay_info` VALUES ('1000000091', '2018-03-01', 116.00);
INSERT INTO `user_pay_info` VALUES ('1000000091', '2018-05-03', 89.00);
INSERT INTO `user_pay_info` VALUES ('1000000091', '2018-07-02', 128.00);
INSERT INTO `user_pay_info` VALUES ('1000000091', '2018-09-05', 99.00);
INSERT INTO `user_pay_info` VALUES ('1000000091', '2018-11-07', 116.00);
INSERT INTO `user_pay_info` VALUES ('1000000091', '2019-01-04', 81.00);
INSERT INTO `user_pay_info` VALUES ('1000000091', '2019-03-04', 132.00);
INSERT INTO `user_pay_info` VALUES ('1000000092', '2018-03-01', 118.00);
INSERT INTO `user_pay_info` VALUES ('1000000092', '2018-05-03', 58.00);
INSERT INTO `user_pay_info` VALUES ('1000000092', '2018-07-02', 78.00);
INSERT INTO `user_pay_info` VALUES ('1000000093', '2018-03-01', 120.00);
INSERT INTO `user_pay_info` VALUES ('1000000093', '2018-05-03', 52.00);
INSERT INTO `user_pay_info` VALUES ('1000000093', '2018-07-02', 124.00);
INSERT INTO `user_pay_info` VALUES ('1000000093', '2018-09-05', 69.00);
INSERT INTO `user_pay_info` VALUES ('1000000093', '2018-11-07', 98.00);
INSERT INTO `user_pay_info` VALUES ('1000000094', '2018-05-03', 97.00);
INSERT INTO `user_pay_info` VALUES ('1000000094', '2018-07-02', 97.00);
INSERT INTO `user_pay_info` VALUES ('1000000094', '2018-09-05', 134.00);
INSERT INTO `user_pay_info` VALUES ('1000000094', '2018-11-07', 67.00);
INSERT INTO `user_pay_info` VALUES ('1000000094', '2019-01-04', 95.00);
INSERT INTO `user_pay_info` VALUES ('1000000094', '2019-03-04', 136.00);
INSERT INTO `user_pay_info` VALUES ('1000000095', '2018-03-01', 103.00);
INSERT INTO `user_pay_info` VALUES ('1000000095', '2018-05-03', 164.00);
INSERT INTO `user_pay_info` VALUES ('1000000095', '2018-07-02', 143.00);
INSERT INTO `user_pay_info` VALUES ('1000000095', '2018-09-05', 97.00);
INSERT INTO `user_pay_info` VALUES ('1000000095', '2018-11-07', 171.00);
INSERT INTO `user_pay_info` VALUES ('1000000095', '2019-01-04', 148.00);
INSERT INTO `user_pay_info` VALUES ('1000000095', '2019-03-04', 173.00);
INSERT INTO `user_pay_info` VALUES ('1000000096', '2018-03-01', 159.00);
INSERT INTO `user_pay_info` VALUES ('1000000096', '2018-05-03', 148.00);
INSERT INTO `user_pay_info` VALUES ('1000000096', '2018-07-02', 117.00);
INSERT INTO `user_pay_info` VALUES ('1000000096', '2018-09-05', 125.00);
INSERT INTO `user_pay_info` VALUES ('1000000096', '2018-11-07', 127.00);
INSERT INTO `user_pay_info` VALUES ('1000000096', '2019-01-04', 94.00);
INSERT INTO `user_pay_info` VALUES ('1000000096', '2019-03-04', 146.00);
INSERT INTO `user_pay_info` VALUES ('1000000097', '2018-03-01', 94.00);
INSERT INTO `user_pay_info` VALUES ('1000000097', '2018-07-02', 106.00);
INSERT INTO `user_pay_info` VALUES ('1000000097', '2018-08-05', 106.00);
INSERT INTO `user_pay_info` VALUES ('1000000097', '2018-11-07', 98.00);
INSERT INTO `user_pay_info` VALUES ('1000000097', '2019-01-04', 115.00);
INSERT INTO `user_pay_info` VALUES ('1000000097', '2019-03-04', 130.00);
INSERT INTO `user_pay_info` VALUES ('1000000098', '2018-03-01', 132.00);
INSERT INTO `user_pay_info` VALUES ('1000000098', '2018-05-03', 99.00);
INSERT INTO `user_pay_info` VALUES ('1000000098', '2018-07-02', 91.00);
INSERT INTO `user_pay_info` VALUES ('1000000098', '2018-09-05', 164.00);
INSERT INTO `user_pay_info` VALUES ('1000000098', '2018-11-07', 144.00);
INSERT INTO `user_pay_info` VALUES ('1000000098', '2019-01-04', 105.00);
INSERT INTO `user_pay_info` VALUES ('1000000099', '2018-03-01', 95.00);
INSERT INTO `user_pay_info` VALUES ('1000000099', '2018-05-03', 169.00);
INSERT INTO `user_pay_info` VALUES ('1000000099', '2018-07-02', 144.00);
INSERT INTO `user_pay_info` VALUES ('1000000099', '2018-09-05', 156.00);
INSERT INTO `user_pay_info` VALUES ('1000000099', '2018-11-07', 174.00);
INSERT INTO `user_pay_info` VALUES ('1000000099', '2019-03-04', 115.00);
INSERT INTO `user_pay_info` VALUES ('1000000100', '2018-03-01', 161.00);
INSERT INTO `user_pay_info` VALUES ('1000000100', '2018-05-03', 122.00);
INSERT INTO `user_pay_info` VALUES ('1000000100', '2018-07-02', 105.00);
INSERT INTO `user_pay_info` VALUES ('1000000100', '2018-09-05', 151.00);
INSERT INTO `user_pay_info` VALUES ('1000000100', '2018-11-07', 111.00);
INSERT INTO `user_pay_info` VALUES ('1000000100', '2019-01-04', 146.00);
INSERT INTO `user_pay_info` VALUES ('1000000100', '2019-03-04', 147.00);

-- ----------------------------
-- Table structure for user_type
-- ----------------------------
DROP TABLE IF EXISTS `user_type`;
CREATE TABLE `user_type`  (
  `id` varchar(255) CHARACTER SET utf8 COLLATE utf8_general_ci NOT NULL COMMENT '用户id',
  `avg_money` double(11, 2) NULL DEFAULT NULL COMMENT '用户平均缴费金额',
  `user_every_count` bigint(20) NULL DEFAULT NULL COMMENT '用户缴费次数',
  `status` varchar(30) CHARACTER SET utf8 COLLATE utf8_general_ci NULL DEFAULT NULL COMMENT '用户类别',
  PRIMARY KEY (`id`) USING BTREE
) ENGINE = InnoDB CHARACTER SET = utf8 COLLATE = utf8_general_ci ROW_FORMAT = Dynamic;

-- ----------------------------
-- Records of user_type
-- ----------------------------
INSERT INTO `user_type` VALUES ('1000000001', 123.38, 8, '高价值型客户');
INSERT INTO `user_type` VALUES ('1000000002', 70.00, 7, '大众型客户');
INSERT INTO `user_type` VALUES ('1000000003', 168.57, 7, '高价值型客户');
INSERT INTO `user_type` VALUES ('1000000004', 77.62, 8, '大众型客户');
INSERT INTO `user_type` VALUES ('1000000005', 214.29, 7, '高价值型客户');
INSERT INTO `user_type` VALUES ('1000000006', 144.29, 7, '高价值型客户');
INSERT INTO `user_type` VALUES ('1000000007', 158.00, 7, '高价值型客户');
INSERT INTO `user_type` VALUES ('1000000008', 153.43, 7, '高价值型客户');
INSERT INTO `user_type` VALUES ('1000000009', 138.57, 7, '高价值型客户');
INSERT INTO `user_type` VALUES ('1000000010', 96.62, 8, '大众型客户');
INSERT INTO `user_type` VALUES ('1000000011', 106.86, 7, '高价值型客户');
INSERT INTO `user_type` VALUES ('1000000012', 130.14, 7, '高价值型客户');
INSERT INTO `user_type` VALUES ('1000000013', 119.29, 7, '高价值型客户');
INSERT INTO `user_type` VALUES ('1000000014', 107.00, 7, '高价值型客户');
INSERT INTO `user_type` VALUES ('1000000015', 100.00, 7, '大众型客户');
INSERT INTO `user_type` VALUES ('1000000016', 98.00, 8, '大众型客户');
INSERT INTO `user_type` VALUES ('1000000017', 111.43, 7, '高价值型客户');
INSERT INTO `user_type` VALUES ('1000000018', 91.57, 7, '大众型客户');
INSERT INTO `user_type` VALUES ('1000000019', 121.50, 6, '潜力型客户');
INSERT INTO `user_type` VALUES ('1000000020', 128.43, 7, '高价值型客户');
INSERT INTO `user_type` VALUES ('1000000021', 108.14, 7, '高价值型客户');
INSERT INTO `user_type` VALUES ('1000000022', 89.00, 6, '低价值型客户');
INSERT INTO `user_type` VALUES ('1000000023', 98.60, 5, '低价值型客户');
INSERT INTO `user_type` VALUES ('1000000024', 129.14, 7, '高价值型客户');
INSERT INTO `user_type` VALUES ('1000000025', 93.00, 7, '大众型客户');
INSERT INTO `user_type` VALUES ('1000000026', 111.00, 7, '高价值型客户');
INSERT INTO `user_type` VALUES ('1000000027', 90.14, 7, '大众型客户');
INSERT INTO `user_type` VALUES ('1000000028', 95.17, 6, '低价值型客户');
INSERT INTO `user_type` VALUES ('1000000029', 98.71, 7, '大众型客户');
INSERT INTO `user_type` VALUES ('1000000030', 95.86, 7, '大众型客户');
INSERT INTO `user_type` VALUES ('1000000031', 93.57, 7, '大众型客户');
INSERT INTO `user_type` VALUES ('1000000032', 86.50, 6, '低价值型客户');
INSERT INTO `user_type` VALUES ('1000000033', 90.83, 6, '低价值型客户');
INSERT INTO `user_type` VALUES ('1000000034', 103.00, 7, '大众型客户');
INSERT INTO `user_type` VALUES ('1000000035', 109.86, 7, '高价值型客户');
INSERT INTO `user_type` VALUES ('1000000036', 107.50, 6, '潜力型客户');
INSERT INTO `user_type` VALUES ('1000000037', 89.57, 7, '大众型客户');
INSERT INTO `user_type` VALUES ('1000000038', 89.00, 6, '低价值型客户');
INSERT INTO `user_type` VALUES ('1000000039', 107.14, 7, '高价值型客户');
INSERT INTO `user_type` VALUES ('1000000040', 93.71, 7, '大众型客户');
INSERT INTO `user_type` VALUES ('1000000041', 113.83, 6, '潜力型客户');
INSERT INTO `user_type` VALUES ('1000000042', 87.43, 7, '大众型客户');
INSERT INTO `user_type` VALUES ('1000000043', 91.43, 7, '大众型客户');
INSERT INTO `user_type` VALUES ('1000000044', 100.17, 6, '低价值型客户');
INSERT INTO `user_type` VALUES ('1000000045', 101.57, 7, '大众型客户');
INSERT INTO `user_type` VALUES ('1000000046', 118.50, 6, '潜力型客户');
INSERT INTO `user_type` VALUES ('1000000047', 93.43, 7, '大众型客户');
INSERT INTO `user_type` VALUES ('1000000048', 113.00, 6, '潜力型客户');
INSERT INTO `user_type` VALUES ('1000000049', 84.14, 7, '大众型客户');
INSERT INTO `user_type` VALUES ('1000000050', 81.14, 7, '大众型客户');
INSERT INTO `user_type` VALUES ('1000000051', 99.50, 6, '低价值型客户');
INSERT INTO `user_type` VALUES ('1000000052', 109.43, 7, '高价值型客户');
INSERT INTO `user_type` VALUES ('1000000053', 99.14, 7, '大众型客户');
INSERT INTO `user_type` VALUES ('1000000054', 76.50, 6, '低价值型客户');
INSERT INTO `user_type` VALUES ('1000000055', 112.57, 7, '高价值型客户');
INSERT INTO `user_type` VALUES ('1000000056', 102.00, 7, '大众型客户');
INSERT INTO `user_type` VALUES ('1000000057', 101.57, 7, '大众型客户');
INSERT INTO `user_type` VALUES ('1000000058', 97.86, 7, '大众型客户');
INSERT INTO `user_type` VALUES ('1000000059', 92.50, 8, '大众型客户');
INSERT INTO `user_type` VALUES ('1000000060', 104.29, 7, '大众型客户');
INSERT INTO `user_type` VALUES ('1000000061', 97.57, 7, '大众型客户');
INSERT INTO `user_type` VALUES ('1000000062', 110.43, 7, '高价值型客户');
INSERT INTO `user_type` VALUES ('1000000063', 89.71, 7, '大众型客户');
INSERT INTO `user_type` VALUES ('1000000064', 86.67, 6, '低价值型客户');
INSERT INTO `user_type` VALUES ('1000000065', 104.86, 7, '大众型客户');
INSERT INTO `user_type` VALUES ('1000000066', 116.50, 6, '潜力型客户');
INSERT INTO `user_type` VALUES ('1000000067', 98.43, 7, '大众型客户');
INSERT INTO `user_type` VALUES ('1000000068', 101.57, 7, '大众型客户');
INSERT INTO `user_type` VALUES ('1000000069', 91.33, 6, '低价值型客户');
INSERT INTO `user_type` VALUES ('1000000070', 83.38, 8, '大众型客户');
INSERT INTO `user_type` VALUES ('1000000071', 106.00, 7, '大众型客户');
INSERT INTO `user_type` VALUES ('1000000072', 114.00, 7, '高价值型客户');
INSERT INTO `user_type` VALUES ('1000000073', 101.00, 4, '低价值型客户');
INSERT INTO `user_type` VALUES ('1000000074', 90.86, 7, '大众型客户');
INSERT INTO `user_type` VALUES ('1000000075', 89.86, 7, '大众型客户');
INSERT INTO `user_type` VALUES ('1000000076', 103.57, 7, '大众型客户');
INSERT INTO `user_type` VALUES ('1000000077', 102.86, 7, '大众型客户');
INSERT INTO `user_type` VALUES ('1000000078', 118.40, 5, '潜力型客户');
INSERT INTO `user_type` VALUES ('1000000079', 99.50, 6, '低价值型客户');
INSERT INTO `user_type` VALUES ('1000000080', 86.14, 7, '大众型客户');
INSERT INTO `user_type` VALUES ('1000000081', 97.14, 7, '大众型客户');
INSERT INTO `user_type` VALUES ('1000000082', 101.60, 5, '低价值型客户');
INSERT INTO `user_type` VALUES ('1000000083', 106.86, 7, '高价值型客户');
INSERT INTO `user_type` VALUES ('1000000084', 184.14, 7, '高价值型客户');
INSERT INTO `user_type` VALUES ('1000000085', 81.29, 7, '大众型客户');
INSERT INTO `user_type` VALUES ('1000000086', 81.25, 4, '低价值型客户');
INSERT INTO `user_type` VALUES ('1000000087', 93.00, 7, '大众型客户');
INSERT INTO `user_type` VALUES ('1000000088', 76.86, 7, '大众型客户');
INSERT INTO `user_type` VALUES ('1000000089', 77.60, 5, '低价值型客户');
INSERT INTO `user_type` VALUES ('1000000090', 102.00, 6, '低价值型客户');
INSERT INTO `user_type` VALUES ('1000000091', 108.71, 7, '高价值型客户');
INSERT INTO `user_type` VALUES ('1000000092', 84.67, 3, '低价值型客户');
INSERT INTO `user_type` VALUES ('1000000093', 92.60, 5, '低价值型客户');
INSERT INTO `user_type` VALUES ('1000000094', 104.33, 6, '低价值型客户');
INSERT INTO `user_type` VALUES ('1000000095', 142.71, 7, '高价值型客户');
INSERT INTO `user_type` VALUES ('1000000096', 130.86, 7, '高价值型客户');
INSERT INTO `user_type` VALUES ('1000000097', 108.17, 6, '潜力型客户');
INSERT INTO `user_type` VALUES ('1000000098', 122.50, 6, '潜力型客户');
INSERT INTO `user_type` VALUES ('1000000099', 142.17, 6, '潜力型客户');
INSERT INTO `user_type` VALUES ('1000000100', 134.71, 7, '高价值型客户');

SET FOREIGN_KEY_CHECKS = 1;
